order_id,customer_id,order_date,quantity,unit_price,total_amount,status
ORD1001,C001,2026-09-01,2,25.00,50.00,completed
ORD1002,C002,2026-09-01,1,120.00,120.00,completed
ORD1003,C003,2026-09-01,4,15.50,62.00,completed
ORD1004,C004,2026-09-02,3,40.00,120.00,completed
ORD1005,C005,2026-09-02,2,75.00,150.00,completed
ORD1006,C006,2026-09-02,5,18.00,90.00,completed
ORD1007,C007,2026-09-03,1,250.00,250.00,completed
ORD1008,C008,2026-09-03,3,30.00,90.00,completed
ORD1009,C009,2026-09-03,2,45.00,90.00,completed
ORD1010,C010,2026-09-04,10,12.00,120.00,completed
ORD1011,C011,2026-09-04,2,80.00,160.00,completed
ORD1012,C012,2026-09-04,4,22.50,90.00,completed
ORD1013,C013,2026-09-05,1,500.00,500.00,completed
ORD1014,C014,2026-09-05,3,55.00,165.00,completed
ORD1015,C015,2026-09-05,2,60.00,120.00,cancelled
ORD1016,C016,2026-09-06,6,20.00,120.00,completed
ORD1017,C017,2026-09-06,3,35.00,105.00,completed
ORD1018,C018,2026-09-06,2,90.00,180.00,completed
ORD1019,C019,2026-09-07,4,25.00,100.00,completed
ORD1020,C020,2026-09-07,1,300.00,300.00,completed
ORD1021,C021,2026-09-07,5,14.00,70.00,completed
ORD1022,C022,2026-09-08,2,110.00,220.00,completed
ORD1023,C023,2026-09-08,3,18.00,54.00,completed
ORD1024,C024,2026-09-08,8,9.50,76.00,completed
ORD1025,C025,2026-09-09,2,150.00,300.00,completed
ORD1026,C026,2026-09-09,4,32.00,128.00,completed
ORD1027,C027,2026-09-09,1,45.00,45.00,completed
ORD1028,C028,2026-09-10,3,70.00,210.00,completed
ORD1029,C029,2026-09-10,2,95.00,190.00,completed
ORD1030,C030,2026-09-10,5,16.00,800.00,completed
ORD1031,C031,2026-09-11,2,50.00,100.00,completed
ORD1032,C032,2026-09-11,1,275.00,275.00,completed
ORD1033,C033,2026-09-11,4,20.00,80.00,completed
ORD1034,C034,2026-09-12,3,65.00,195.00,completed
ORD1035,C035,2026-09-12,2,40.00,80.00,completed
ORD1036,C036,2026-09-12,6,15.00,90.00,completed
ORD1037,C037,2026-09-13,1,420.00,420.00,completed
ORD1038,C038,2026-09-13,2,85.00,170.00,completed
ORD1039,C039,2026-09-13,3,24.00,72.00,completed
ORD1040,C040,2026-09-14,4,30.00,120.00,completed